Drumkit-UI/1.png	https://d.uguu.se/WZdvkFmR.png
Drumkit-UI/2.mp4	https://d.uguu.se/boOCBeLJ.mp4
Drumkit-UI/3.png	https://h.uguu.se/EZbWaRGV.png
Drumkit-UI/4.mp4	https://n.uguu.se/krgOAVGk.mp4
Drumkit-UI/5.png	https://h.uguu.se/wFgngklH.png
Drumkit-UI/6.mp4	https://d.uguu.se/cHAbsjBa.mp4
Drumkit-UI/7.png	https://d.uguu.se/aWPwFfTo.png
Heartbeat-App/1.png	https://h.uguu.se/CjtXjoim.png
Heartbeat-App/2.png	https://d.uguu.se/fAjkOcqj.png
Heartbeat-App/3.png	https://n.uguu.se/tMKzCWOo.png
Heartbeat-App/4.png	https://h.uguu.se/zpNqoYDN.png
Heartbeat-App/5.png	https://d.uguu.se/QwYZmEjY.png
Heartbeat-App/6.png	https://n.uguu.se/PYbrCyAU.png
Heartbeat-App/7.png	https://d.uguu.se/eYancjdR.png
Heartbeat-Landing/01.png	https://n.uguu.se/pkVPGVYB.png
Heartbeat-Landing/02.png	https://h.uguu.se/RAuPxbWC.png
Heartbeat-Landing/03.png	https://d.uguu.se/imSwLhSh.png
Heartbeat-Landing/04.png	https://n.uguu.se/eLWKurCF.png
Heartbeat-Landing/05.png	https://n.uguu.se/wRPDxfWi.png
OneGallon-App/1.png	https://d.uguu.se/dXzBQUfq.png
OneGallon-App/2.png	https://h.uguu.se/JbXclRvD.png
OneGallon-App/3.png	https://n.uguu.se/QodAdecb.png
OneGallon-App/4.png	https://d.uguu.se/HmDWPQzg.png
Orbee-App/01.png	https://h.uguu.se/gnrksVCe.png
Orbee-App/02.png	https://h.uguu.se/isBNpfPH.png
Orbee-App/03.png	https://n.uguu.se/MqUqKMnk.png
Orbee-App/04.png	https://d.uguu.se/mQjTmshl.png
SalesDriver-Branding/01.png	https://h.uguu.se/jdUpJYVt.png
SalesDriver-Branding/02.png	https://d.uguu.se/ORGqhfsX.png
SalesDriver-Branding/03.png	https://d.uguu.se/iGNEVkDb.png
SalesDriver-Branding/04.png	https://n.uguu.se/SHbhfTnu.png
SalesDriver-Branding/05.png	https://d.uguu.se/CRCWqhGY.png
SalesDriver-Branding/06.png	https://h.uguu.se/WLkVkgvJ.png
